Time;x;y;z;acc;W+-40;W+-20;W+-10;W+-5;temp;lumen
2;-1;-0,33;-0,18;1,14;#BEZUG!;#BEZUG!;#BEZUG!;#BEZUG!;23,28;0
56;-0,93;-0,3;-0,15;0,98;#BEZUG!;#BEZUG!;#BEZUG!;#BEZUG!;23,28;0
110;-0,96;-0,35;-0,12;1,06;#BEZUG!;#BEZUG!;#BEZUG!;#BEZUG!;23,28;0
164;-0,97;-0,38;-0,11;1,09;#BEZUG!;#BEZUG!;#BEZUG!;#BEZUG!;23,28;0
220;-0,96;-0,35;-0,09;1,05;#BEZUG!;#BEZUG!;#BEZUG!;1,052;23,28;0
274;-0,97;-0,37;-0,07;1,08;#BEZUG!;#BEZUG!;#BEZUG!;1,062727273;23,28;0
328;-1;-0,41;-0,08;1,17;#BEZUG!;#BEZUG!;#BEZUG!;1,056363636;23,28;0
382;-0,94;-0,34;-0,11;1,01;#BEZUG!;#BEZUG!;1,127777778;1,06;23,28;0
437;-0,87;-0,27;-0,03;0,84;#BEZUG!;#BEZUG!;1,114210526;1,054545455;23,28;0
492;-0,99;-0,35;0,03;1,1;#BEZUG!;#BEZUG!;1,108947368;1,060909091;23,28;0
546;-0,98;-0,46;-0,03;1,17;#BEZUG!;#BEZUG!;1,09;1,132727273;23,28;0
601;-0,94;-0,42;-0,05;1,07;#BEZUG!;#BEZUG!;1,072105263;1,214545455;23,28;0
655;-0,93;-0,4;-0,01;1,02;#BEZUG!;#BEZUG!;1,055263158;1,157272727;23,28;0
710;-0,93;-0,38;0,03;1;#BEZUG!;#BEZUG!;1,050526316;1,144545455;23,28;0
764;-0,98;-0,45;0,08;1,16;#BEZUG!;#BEZUG!;1,095263158;1,162727273;23,28;1
819;-1,25;-0,52;-0,05;1,84;#BEZUG!;#BEZUG!;1,138947368;1,119090909;23,28;0
873;-1,3;-0,06;-0,55;1,98;#BEZUG!;#BEZUG!;1,160526316;1,078181818;23,28;0
927;-0,63;-0,13;-0,36;0,54;#BEZUG!;1,175789474;1,203157895;1,050909091;23,28;0
983;-0,89;-0,27;-0,05;0,87;#BEZUG!;1,162051282;1,201052632;1,045454545;23,28;0
1037;-0,98;-0,21;-0,19;1,04;#BEZUG!;1,13974359;1,173157895;1,13;23,28;0
1091;-0,76;-0,15;-0,13;0,62;#BEZUG!;1,122820513;1,134210526;1,206363636;23,28;0
1145;-0,83;-0,18;0;0,72;#BEZUG!;1,121025641;1,112105263;1,168181818;23,28;0
1201;-0,86;-0,14;0,03;0,77;#BEZUG!;1,125384615;1,109473684;1,138181818;23,28;0
1255;-0,96;-0,18;0,11;0,96;#BEZUG!;1,148717949;1,099473684;1,185454545;23,28;0
1309;-1,35;-0,32;-0,1;1,93;#BEZUG!;1,186666667;1,11;1,164545455;23,28;0
1363;-1,35;-0,42;-0,03;2;#BEZUG!;1,213333333;1,121052632;1,1;23,28;0
1419;-1,06;-0,23;-0,49;1,42;#BEZUG!;1,214615385;1,208421053;1,098181818;23,28;0
1473;-1;-0,31;-0,75;1,65;#BEZUG!;1,204102564;1,237368421;1,119090909;23,28;0
1527;-1;-0,2;-0,18;1,06;#BEZUG!;1,182051282;1,216315789;1,137272727;23,28;0
1582;-0,76;-0,24;-0,03;0,64;#BEZUG!;1,163076923;1,197894737;1,235454545;23,28;0
1637;-0,56;-0,1;-0,03;0,33;#BEZUG!;1,158461538;1,176842105;1,259090909;23,28;0
1691;-0,74;-0,17;-0,13;0,6;#BEZUG!;1,15974359;1,188421053;1,277272727;23,28;0
1745;-0,89;-0,4;0,01;0,95;#BEZUG!;1,191538462;1,204210526;1,277272727;23,28;0
1800;-0,85;-0,49;0,1;0,97;#BEZUG!;1,216666667;1,205789474;1,185454545;23,28;0
1855;-1,32;-0,54;-0,03;2,04;#BEZUG!;1,221282051;1,235263158;1,113636364;23,28;0
1909;-1,41;-0,41;-0,22;2,19;#BEZUG!;1,213333333;1,276842105;1,084545455;23,28;0
1964;-1,24;0,06;-0,82;2,2;#BEZUG!;1,215641026;1,245789474;1,144545455;23,28;0
2018;-1,08;-0,39;-0,32;1,42;1,175897436;1,20025641;1,212631579;1,204545455;23,28;0
2073;-0,74;-0,31;0;0,64;1,173797468;1,184358974;1,191578947;1,296363636;23,28;0
2127;-0,47;-0,2;-0,07;0,27;1,18443038;1,193076923;1,196842105;1,440909091;23,28;0
2182;-0,55;-0,11;-0,05;0,32;1,206962025;1,203589744;1,212105263;1,456363636;23,28;0
2236;-0,97;-0,16;0,14;0,99;1,22278481;1,233333333;1,218421053;1,353636364;23,28;0
2291;-1,12;-0,08;0,11;1,26;1,222658228;1,251538462;1,285263158;1,192727273;23,28;0
2345;-1,31;-0,47;-0,12;1,96;1,214810127;1,256410256;1,290526316;1,085454545;23,28;0
2400;-1,39;-0,42;-0,67;2,56;1,204936709;1,258974359;1,281578947;1,066363636;23,28;0
2455;-1,23;-0,48;-0,69;2,21;1,19556962;1,238205128;1,253684211;1,122727273;23,28;0
2509;-0,96;-0,3;-0,22;1,06;1,192151899;1,201794872;1,212105263;1,190909091;23,28;0
2564;-0,64;-0,13;-0,07;0,43;1,197468354;1,182051282;1,192631579;1,304545455;23,28;0
2618;-0,47;-0,12;-0,07;0,24;1,212278481;1,186153846;1,200526316;1,384545455;23,28;0
2673;-0,59;-0,29;-0,01;0,43;1,222405063;1,204871795;1,234210526;1,39;23,28;0
2727;-0,81;-0,49;0,03;0,89;1,25164557;1,23974359;1,241578947;1,309090909;23,28;0
2782;-0,91;-0,49;0,07;1,07;1,25278481;1,275897436;1,276842105;1,165454545;23,28;0
2836;-1,46;-0,33;0,05;2,24;1,245316456;1,324358974;1,261578947;1,093636364;23,28;0
2891;-1,42;-0,29;-0,22;2,14;1,234556962;1,305641026;1,238421053;1,092727273;23,28;0
2946;-1,18;-0,11;-0,78;2,02;1,217848101;1,261025641;1,232631579;1,158181818;23,28;0
3000;-1,16;-0,51;-0,26;1,67;1,201012658;1,21025641;1,208947368;1,221818182;23,28;0
3054;-0,72;-0,33;-0,08;0,63;1,207594937;1,184102564;1,198421053;1,316363636;23,28;0
3109;-0,48;-0,17;-0,13;0,27;1,221139241;1,18974359;1,201052632;1,370909091;23,28;0
3164;-0,64;-0,12;0;0,42;1,242278481;1,208717949;1,220526316;1,36;23,28;0
3218;-0,96;-0,1;0,15;0,96;1,266962025;1,251282051;1,229473684;1,356363636;23,28;0
3272;-1,05;-0,11;0,03;1,13;1,271392405;1,296666667;1,276315789;1,228181818;23,28;0
3328;-1,28;-0,54;-0,05;1,93;1,267848101;1,323589744;1,282631579;1,097272727;23,28;0
3382;-1,24;-0,35;-0,16;1,67;1,259113924;1,301025641;1,320526316;1,066363636;23,28;0
3436;-1,17;-0,35;-0,8;2,12;1,242151899;1,246410256;1,283157895;1,114545455;23,28;0
3491;-1,31;-0,43;-0,46;2,1;1,227341772;1,197435897;1,218947368;1,172727273;23,28;0
3546;-0,74;-0,25;-0,09;0,61;1,221012658;1,181282051;1,197368421;1,263636364;23,28;0
3600;-0,47;-0,09;0;0,23;1,224556962;1,189230769;1,204210526;1,375454545;23,28;0
3654;-0,53;-0,11;-0,03;0,29;1,246455696;1,215384615;1,227368421;1,46;23,28;0
3709;-0,82;-0,35;-0,01;0,8;1,262025316;1,262564103;1,23;1,427272727;23,28;0
3764;-0,91;-0,48;0,09;1,06;1,272278481;1,29025641;1,274736842;1,275454545;23,28;0
3818;-1,31;-0,49;-0,08;1,96;1,274177215;1,349487179;1,318421053;1,104545455;23,28;0
3872;-1,48;-0,36;-0,23;2,36;1,266455696;1,320512821;1,352105263;1,085454545;23,28;0
3928;-1,45;0,05;-0,87;2,86;1,260126582;1,276153846;1,297368421;1,142727273;23,28;0
3982;-1,02;-0,42;-0,3;1,31;1,246455696;1,232307692;1,209473684;1,208181818;23,28;0
4036;-0,61;-0,27;-0,05;0,45;1,228987342;1,202820513;1,193157895;1,315454545;23,28;0
4090;-0,44;-0,14;-0,03;0,22;1,223037975;1,203333333;1,203684211;1,47;23,28;0
4146;-0,63;-0,04;0,03;0,4;1,236075949;1,223589744;1,227368421;1,501818182;23,28;0
4200;-0,92;-0,02;0,13;0,86;1,253037975;1,262564103;1,251578947;1,385454545;23,28;0
4254;-1;-0,04;-0,03;1,01;1,270379747;1,307435897;1,315263158;1,164545455;23,28;0
4308;-1,29;-0,56;-0,05;1,98;1,274556962;1,344358974;1,315789474;1,072727273;23,28;0
4364;-1,53;-0,44;-0,48;2,76;1,266329114;1,322307692;1,369473684;1,070909091;23,28;0
4418;-1,28;-0,37;-0,73;2,31;1,256202532;1,292051282;1,277368421;1,118181818;23,28;0
4472;-1;-0,21;-0,16;1,08;1,242278481;1,244615385;1,23;1,196363636;23,28;0
4527;-0,64;-0,15;-0,01;0,43;1,220886076;1,205897436;1,222631579;1,324545455;23,28;0
4582;-0,53;-0,13;-0,07;0,3;1,215949367;1,211538462;1,238421053;1,411818182;23,28;0
4636;-0,6;-0,27;-0,08;0,43;1,225949367;1,229230769;1,251578947;1,539090909;23,28;0
4690;-0,74;-0,43;0,05;0,74;1,243037975;1,271282051;1,262105263;1,389090909;23,28;0
4745;-0,99;-0,52;0,12;1,26;1,281265823;1,322307692;1,311052632;1,216363636;23,28;0
4800;-1,48;-0,27;0,12;2,27;1,285443038;1,343076923;1,349473684;1,146363636;23,28;0
4854;-1,34;-0,26;-0,33;1,97;1,277974684;1,322051282;1,339473684;1,154545455;23,28;0
4909;-1,58;-0,13;-0,93;3,38;1,266962025;1,280769231;1,274210526;1,186363636;23,28;0
4964;-0,95;-0,4;-0,21;1,11;1,24835443;1,216153846;1,243157895;1,243636364;23,28;0
5018;-0,59;-0,25;0;0,41;1,235822785;1,194615385;1,234736842;1,352727273;23,28;0
5072;-0,53;-0,16;-0,07;0,31;1,226202532;1,207692308;1,25;1,484545455;23,28;0
5127;-0,72;-0,07;0,05;0,52;1,230379747;1,222820513;1,271052632;1,511818182;23,28;0
5182;-0,8;-0,07;0,11;0,65;1,247088608;1,256923077;1,280526316;1,43;23,28;0
5236;-1,03;-0,07;0,01;1,06;1,269873418;1,297692308;1,315789474;1,167272727;23,28;0
5291;-1,28;-0,55;-0,03;1,94;1,276075949;1,322564103;1,343157895;1,090909091;23,28;0
5345;-1,49;-0,46;-0,52;2,71;1,27;1,313846154;1,337894737;1,107272727;23,28;0
5400;-1,35;-0,45;-0,74;2,57;1,259620253;1,25974359;1,22;1,154545455;23,28;0
5454;-0,99;-0,26;-0,17;1,07;1,244303797;1,209230769;1,201052632;1,190909091;23,28;0
5509;-0,68;-0,18;-0,03;0,49;1,233924051;1,193333333;1,197368421;1,307272727;23,28;0
5564;-0,5;-0,14;-0,03;0,27;1,219493671;1,204358974;1,205789474;1,464545455;23,28;0
5618;-0,68;-0,36;-0,09;0,59;1,216329114;1,218974359;1,228947368;1,458181818;23,28;0
5672;-0,77;-0,49;0;0,83;1,236708861;1,254615385;1,237368421;1,315454545;23,28;0
5727;-0,81;-0,49;0,11;0,92;1,275822785;1,283076923;1,272631579;1,15;23,28;0
5782;-1,35;-0,34;-0,03;1,93;1,284683544;1,296410256;1,299473684;1,083636364;23,28;0
5836;-1,63;-0,27;-0,24;2,79;1,28;1,321794872;1,261052632;1,081818182;23,28;0
5891;-1,25;0,21;-0,53;1,87;1,269367089;1,290769231;1,212105263;1,144545455;23,28;0
5945;-0,99;-0,34;-0,24;1,14;1,251265823;1,211794872;1,19;1,164545455;23,28;0
6000;-0,81;-0,31;-0,1;0,75;1,233291139;1,188461538;1,182105263;1,246363636;23,28;0
6054;-0,55;-0,13;-0,14;0,34;1,210886076;1,197692308;1,192105263;1,385454545;23,28;0
6109;-0,68;-0,02;0,01;0,47;1,221265823;1,219230769;1,206315789;1,39;23,28;0
6163;-0,96;0,07;0,17;0,96;1,242025316;1,238205128;1,208421053;1,285454545;23,28;0
6218;-0,9;0,02;0,03;0,81;1,265443038;1,272820513;1,255789474;1,174545455;23,28;0
6273;-1,24;-0,45;0,03;1,73;1,27278481;1,295641026;1,251578947;1,101818182;23,28;0
6327;-1,47;-0,48;-0,26;2,45;1,268607595;1,298974359;1,198421053;1,075454545;23,28;0
6381;-1,18;-0,29;-0,72;1,98;1,259873418;1,252820513;1,271578947;1,122727273;23,28;0
6436;-1,23;-0,2;-0,31;1,64;1,241772152;1,199230769;1,251578947;1,159090909;23,28;0
6491;-0,8;-0,13;-0,05;0,65;1,21721519;1,17974359;1,227894737;1,237272727;23,28;0
6545;-0,56;-0,14;-0,05;0,34;1,201392405;1,185641026;1,220526316;1,331818182;23,28;0
6600;-0,6;-0,3;-0,1;0,46;1,21278481;1,200512821;1,236315789;1,336363636;23,28;0
6654;-0,77;-0,51;-0,07;0,86;1,229746835;1,210512821;1,246315789;1,41;23,28;0
6709;-0,81;-0,45;0,1;0,87;1,270506329;1,236666667;1,27;1,299090909;23,28;0
6763;-1,27;-0,44;0,08;1,82;1,280632911;1,27;1,284210526;1,177272727;23,28;0
6817;-1,32;-0,31;0,07;1,85;1,277468354;1,305641026;1,257894737;1,136363636;23,28;0
6873;-1,23;-0,09;-0,52;1,78;1,265063291;1,259487179;1,262631579;1,175454545;23,28;0
6927;-1,56;-0,38;-0,82;3,26;1,24164557;1,222564103;1,224210526;1,238181818;23,28;0
6981;-0,81;-0,31;-0,12;0,76;1,227088608;1,198974359;1,215263158;1,274545455;23,28;0
7036;-0,49;-0,26;0;0,3;1,196075949;1,193333333;1,213684211;1,377272727;23,28;0
7091;-0,43;-0,1;-0,08;0,2;1,209240506;1,208717949;1,227368421;1,389090909;23,28;1
7145;-0,87;-0,06;0,03;0,77;1,235189873;1,224615385;1,226842105;1,409090909;23,28;0
7199;-1,07;-0,02;0,03;1,15;1,253417722;1,254615385;1,232631579;1,33;23,28;0
7255;-1,08;-0,29;0,05;1,26;1,26164557;1,287435897;1,234210526;1,077272727;23,28;0
7309;-1,31;-0,52;-0,05;2;1,262025316;1,296153846;1,253684211;1,036363636;23,28;0
7363;-1,2;-0,24;-0,67;1,95;1,253797468;1,258461538;1,334736842;1,074545455;23,28;0
7417;-1,3;-0,24;-0,58;2,07;1,236075949;1,221282051;1,215263158;1,133636364;23,28;0
7473;-0,91;-0,27;-0,14;0,91;1,211139241;1,187435897;1,197894737;1,152727273;23,28;0
7527;-0,67;-0,18;-0,05;0,48;1,188607595;1,184871795;1,193684211;1,216363636;23,28;0
7581;-0,52;-0,17;-0,1;0,31;1,196962025;1,197179487;1,211052632;1,303636364;23,28;0
7635;-0,75;-0,38;-0,09;0,72;1,215316456;1,212564103;1,22;1,423636364;23,28;0
7691;-0,81;-0,43;0,05;0,85;1,254050633;1,241282051;1,216842105;1,336363636;23,28;0
7745;-0,9;-0,4;0,11;0,98;1,263164557;1,264358974;1,262631579;1,187272727;23,28;0
7799;-1,32;-0,29;0,1;1,85;1,260886076;1,307948718;1,267368421;1,124545455;23,28;0
7854;-1,41;-0,28;-0,4;2,22;1,254810127;1,292051282;1,273684211;1,129090909;23,28;0
7909;-1,59;-0,14;-0,88;3,32;1,237088608;1,258974359;1,216315789;1,186363636;23,28;0
7963;-0,94;-0,29;-0,13;0,99;1,210253165;1,182564103;1,196315789;1,22;23,28;0
8017;-0,62;-0,2;-0,03;0,43;1,195316456;1,173846154;1,187894737;1,336363636;23,28;0
8073;-0,46;-0,07;-0,09;0,22;1,204050633;1,187179487;1,200526316;1,437272727;23,28;0
8127;-0,73;-0,06;0,03;0,53;1,221518987;1,205897436;1,205789474;1,457272727;23,28;0
8181;-0,96;-0,06;0,12;0,94;1,243797468;1,241282051;1,216842105;1,344545455;23,28;0
8236;-1,03;-0,17;0,05;1,09;1,258607595;1,274871795;1,269473684;1,090909091;23,28;0
8290;-1,37;-0,49;-0,03;2,13;1,25556962;1,287435897;1,265263158;1,03;23,28;0
8345;-1,33;-0,26;-0,5;2,09;1,250632911;1,266153846;1,333684211;1,040909091;23,28;0
8399;-1,22;-0,27;-0,72;2,07;1,235063291;1,233589744;1,223684211;1,095454545;23,28;0
8454;-0,96;-0,2;-0,16;0,98;1,213417722;1,191025641;1,197368421;1,143636364;23,28;0
8509;-0,71;-0,15;-0,03;0,53;1,196835443;1,181538462;1,189473684;1,238181818;23,28;0
8563;-0,54;-0,13;-0,1;0,32;1,195443038;1,188205128;1,2;1,3;23,28;0
8617;-0,68;-0,28;-0,1;0,55;1,21278481;1,200512821;1,215263158;1,426363636;23,28;0
8672;-0,81;-0,4;0,03;0,82;1,23164557;1,226410256;1,214736842;1,348181818;23,28;0
8727;-0,94;-0,4;0,12;1,06;1,258734177;1,254358974;1,270526316;1,204545455;23,28;0
8781;-1,38;-0,26;0,08;1,98;1,260253165;1,314615385;1,287894737;1,140909091;23,28;0
8836;-1,26;-0,29;-0,3;1,77;1,255316456;1,300769231;1,27;1,130909091;23,28;0
8890;-1,67;0;-0,86;3,52;1,235949367;1,260512821;1,222631579;1,176363636;23,28;0
8945;-1,04;-0,32;-0,24;1,23;1,221392405;1,186666667;1,206842105;1,210909091;23,28;0
8999;-0,63;-0,29;-0,03;0,49;1,210379747;1,174871795;1,200526316;1,331818182;23,28;0
9054;-0,5;-0,15;-0,05;0,28;1,183037975;1,181025641;1,212105263;1,459090909;23,28;0
9108;-0,65;-0,01;0;0,42;1,201012658;1,193076923;1,222105263;1,438181818;23,28;0
9163;-0,9;0,01;0,12;0,82;1,223164557;1,226410256;1,220526316;1,383636364;23,28;0
9218;-0,96;-0,09;0,05;0,93;1,244683544;1,256923077;1,255789474;1,125454545;23,28;0
9272;-1,34;-0,59;-0,08;2,15;1,250632911;1,282820513;1,253684211;1,050909091;23,28;0
9326;-1,46;-0,4;-0,42;2,46;1,242531646;1,27025641;1,335789474;1,055454545;23,28;0
9381;-1,1;-0,27;-0,69;1,75;1,230379747;1,235128205;1,219473684;1,097272727;23,28;0
9436;-1,05;-0,18;-0,17;1,17;1,211392405;1,192820513;1,188947368;1,130909091;23,28;0
9490;-0,81;-0,15;-0,1;0,68;1,196455696;1,180512821;1,186315789;1,213636364;23,28;0
9545;-0,62;-0,09;-0,12;0,41;1,184050633;1,185897436;1,199473684;1,305454545;23,28;0
9600;-0,69;-0,23;-0,08;0,54;1,2;1,194871795;1,212631579;1,412727273;23,28;0
9654;-0,75;-0,41;0,03;0,74;1,227468354;1,22;1,205789474;1,308181818;23,28;0
9708;-0,79;-0,4;0,12;0,79;1,256835443;1,250769231;1,253157895;1,208181818;23,28;0
9763;-1,27;-0,34;0,03;1,73;1,262278481;1,270512821;1,252105263;1,141818182;23,28;0
9818;-1,3;-0,48;-0,17;1,94;1,257721519;1,286410256;1,233157895;1,128181818;23,28;0
9872;-1,63;0,08;-0,81;3,33;1,249620253;1,266153846;1,227368421;1,151818182;23,28;0
9926;-1,06;-0,23;-0,35;1,31;1,233544304;1,188205128;1,203684211;1,165454545;23,28;0
9981;-0,75;-0,29;0;0,65;1,213670886;1,164102564;1,19;1,264545455;23,28;0
10036;-0,63;-0,2;-0,03;0,44;1,182278481;1,169487179;1,194736842;1,386363636;23,28;0
10090;-0,73;-0,05;-0,03;0,53;1,195189873;1,185641026;1,205263158;1,42;23,28;0
10145;-0,81;-0,03;0,07;0,67;1,227848101;1,203076923;1,201578947;1,392727273;23,28;0
10200;-0,82;-0,09;0,05;0,69;1,249367089;1,237948718;1,240526316;1,155454545;23,28;0
10254;-1,28;-0,44;0;1,83;1,257974684;1,266666667;1,255789474;1,074545455;23,28;0
10308;-1,4;-0,38;-0,15;2,13;1,25278481;1,26025641;1,25;1,060909091;23,28;0
10363;-1,18;-0,37;-0,76;2,1;1,243037975;1,228974359;1,211578947;1,088181818;23,28;0
10418;-1,22;-0,2;-0,35;1,64;1,222531646;1,197179487;1,194210526;1,100909091;23,28;0
10472;-0,82;-0,2;-0,09;0,72;1,203924051;1,174871795;1,185263158;1,179090909;23,28;0
10527;-0,63;-0,14;-0,03;0,42;1,188734177;1,17025641;1,177368421;1,3;23,28;0
10582;-0,66;-0,24;-0,1;0,5;1,204303797;1,179487179;1,186315789;1,3;23,28;0
10636;-0,77;-0,38;-0,07;0,74;1,228227848;1,193589744;1,198947368;1,342727273;23,28;0
10691;-0,72;-0,38;0,07;0,67;1,257848101;1,23025641;1,220526316;1,240909091;23,28;0
10745;-1,12;-0,51;0,03;1,53;1,268987342;1,277948718;1,238947368;1,135454545;23,28;0
10800;-1,37;-0,35;0,08;2,02;1,265443038;1,301025641;1,234736842;1,096363636;23,28;0
10855;-1,29;-0,2;-0,36;1,83;1,25556962;1,280769231;1,224210526;1,121818182;23,28;0
10909;-1,37;-0,18;-0,84;2,6;1,236329114;1,207948718;1,203157895;1,159090909;23,28;0
10963;-0,91;-0,38;-0,13;0,98;1,224936709;1,183076923;1,192105263;1,191818182;23,28;0
11018;-0,63;-0,28;-0,07;0,48;1,190759494;1,181282051;1,185789474;1,329090909;23,28;0
11073;-0,52;-0,13;-0,05;0,29;1,196962025;1,186666667;1,185789474;1,376363636;23,28;0
11127;-0,83;-0,07;0,05;0,7;1,225189873;1,194615385;1,187368421;1,365454545;23,28;0
11182;-0,95;-0,07;0,05;0,91;1,243797468;1,228974359;1,209473684;1,311818182;23,28;0
11237;-1,04;-0,13;0,05;1,1;1,256329114;1,288461538;1,243157895;1,121818182;23,28;0
11291;-1,36;-0,58;-0,03;2,18;1,255063291;1,290769231;1,276315789;1,06;23,28;0
11345;-1,29;-0,35;-0,52;2,05;1,248860759;1,267179487;1,318421053;1,061818182;23,17;0
11401;-1,15;-0,35;-0,68;1,9;1,227848101;1,226923077;1,242105263;1,105454545;23,28;0
11455;-1,07;-0,26;-0,16;1,24;1,205189873;1,193076923;1,216315789;1,140909091;23,28;0
11509;-0,7;-0,14;-0,05;0,51;1,191518987;1,187692308;1,208947368;1,255454545;23,28;0
11564;-0,53;-0,11;-0,07;0,3;1,19443038;1,192820513;1,224210526;1,396363636;23,28;0
11619;-0,65;-0,27;-0,08;0,5;1,20721519;1,202307692;1,221578947;1,437272727;23,28;0
11673;-0,78;-0,41;0,01;0,77;1,22556962;1,24;1,217894737;1,355454545;23,28;0
11727;-0,94;-0,44;0,1;1,09;1,254177215;1,284871795;1,265789474;1,227272727;23,28;0
11783;-1,44;-0,28;0,08;2,17;1,257088608;1,313846154;1,309473684;1,145454545;23,28;0
11837;-1,56;-0,27;-0,36;2,65;1,253417722;1,298717949;1,302631579;1,151818182;23,28;0
11891;-1,37;-0,03;-0,86;2,63;1,237974684;1,265641026;1,266315789;1,183636364;23,28;0
11947;-0,96;-0,44;-0,18;1,15;1,222151899;1,206153846;1,228947368;1,214545455;23,28;0
12001;-0,65;-0,26;-0,05;0,49;1,185949367;1,192820513;1,218947368;1,327272727;23,28;0
12055;-0,56;-0,13;-0,1;0,34;1,180126582;1,202820513;1,23;1,501818182;23,28;0
12110;-0,76;-0,03;0,03;0,58;1,198987342;1,216410256;1,236315789;1,479090909;23,28;0
12165;-0,8;-0,03;0,12;0,65;1,222911392;1,242564103;1,241578947;1,348181818;23,28;0
12219;-0,91;-0,09;0,07;0,84;1,239367089;1,288974359;1,300526316;1,157272727;23,28;0
12273;-1,31;-0,53;-0,05;2,01;1,247468354;1,305641026;1,313684211;1,081818182;23,28;0
12328;-1,56;-0,48;-0,58;3,01;1,251139241;1,285897436;1,314210526;1,083636364;23,28;0
12383;-1,15;-0,37;-0,68;1,92;1,236455696;1,251794872;1,251052632;1,109090909;23,28;0
12437;-1,06;-0,23;-0,15;1,21;1,217468354;1,214358974;1,218947368;1,135454545;23,28;0
12492;-0,72;-0,13;-0,05;0,53;1,198607595;1,195128205;1,207894737;1,277272727;23,28;0
12547;-0,55;-0,13;-0,1;0,32;1,184556962;1,199230769;1,214210526;1,420909091;23,28;0
12601;-0,66;-0,26;-0,08;0,51;1,188607595;1,208717949;1,229473684;1,48;23,28;0
12656;-0,71;-0,35;0,03;0,62;1,211898734;1,231794872;1,238421053;1,336363636;23,28;0
12710;-0,85;-0,37;0,11;0,87;1,250506329;1,255384615;1,284736842;1,210909091;23,28;0
12765;-1,44;-0,36;0,01;2,21;1,254556962;1,275128205;1,322105263;1,126363636;23,28;0
12820;-1,52;-0,27;-0,2;2,42;1,260379747;1,291282051;1,255789474;1,12;23,28;0
12874;-1,39;0,04;-0,85;2,66;1,248734177;1,248205128;1,228947368;1,17;23,28;0
12929;-1,12;-0,32;-0,25;1,43;1,229746835;1,193589744;1,203157895;1,198181818;23,28;0
12984;-0,69;-0,24;-0,05;0,54;1,216202532;1,177179487;1,198421053;1,298181818;23,28;0
13038;-0,51;-0,11;-0,07;0,28;1,192531646;1,182307692;1,207368421;1,466363636;23,28;0
13092;-0,68;0;0,03;0,46;1,192911392;1,185641026;1,215789474;1,424545455;23,28;0
13147;-0,93;0,02;0,1;0,87;1,207848101;1,192564103;1,218421053;1,332727273;23,28;0
13202;-0,9;-0,07;0,08;0,82;1,237848101;1,230769231;1,246315789;1,156363636;23,28;0
13256;-1,25;-0,41;-0,03;1,72;1,240253165;1,268974359;1,218947368;1,066363636;23,28;0
13310;-1,55;-0,46;-0,3;2,72;1,242911392;1,264358974;1,189473684;1,061818182;23,17;0
13366;-1,06;-0,32;-0,72;1,75;1,243417722;1,220769231;1,196842105;1,097272727;23,28;0
13420;-1,12;-0,26;-0,28;1,41;1,223670886;1,196666667;1,172631579;1,116363636;23,28;0
13474;-0,83;-0,15;-0,08;0,72;1,20556962;1,182820513;1,170526316;1,164545455;23,28;0
13530;-0,64;-0,12;-0,11;0,44;1,192278481;1,185384615;1,182631579;1,243636364;23,28;0
13584;-0,67;-0,18;-0,11;0,49;1,186962025;1,192820513;1,194736842;1,256363636;23,28;0
13638;-0,76;-0,3;-0,03;0,67;1,189746835;1,193333333;1,173684211;1,263636364;23,28;0
13693;-0,77;-0,26;0,1;0,67;1,205949367;1,204102564;1,175263158;1,192727273;23,28;0
13748;-1,14;-0,31;0,07;1,4;1,225063291;1,23974359;1,197368421;1,11;23,28;0
13802;-1,26;-0,3;0,05;1,69;1,242278481;1,274102564;1,176842105;1,090909091;23,28;0
13856;-1,3;-0,02;-0,42;1,86;1,243797468;1,239230769;1,181052632;1,113636364;23,28;0
13912;-1,46;-0,25;-0,78;2,8;1,227848101;1,2;1,175789474;1,111818182;23,28;0
13966;-0,92;-0,34;-0,13;0,97;1,202405063;1,178974359;1,189473684;1,128181818;23,28;0
14020;-0,67;-0,23;-0,03;0,5;1,176835443;1,178461538;1,201578947;1,261818182;23,28;0
14075;-0,7;-0,11;-0,07;0,51;1,173417722;1,190769231;1,208947368;1,346363636;23,39;0
14130;-0,83;0;0,03;0,69;1,177848101;1,197692308;1,205789474;1,359090909;23,28;0
14184;-0,68;-0,06;0,03;0,47;1,182025316;1,201282051;1,198421053;1,309090909;23,28;0
14239;-0,9;-0,17;0,09;0,85;1,195189873;1,222820513;1,179473684;1,143636364;23,28;0
14294;-1,36;-0,55;0,05;2,14;1,210759494;1,246923077;1,209473684;1,116363636;23,28;0
14348;-1,42;-0,4;-0,38;2,33;1,224177215;1,2;1,298421053;1,128181818;23,28;0
14403;-1,12;-0,27;-0,71;1,83;1,216075949;1,183846154;1,206842105;1,137272727;23,28;0
14457;-1,11;-0,23;-0,19;1,31;1,189367089;1,176923077;1,215263158;1,122727273;23,28;0
14512;-0,94;-0,27;-0,13;0,98;1,174556962;1,174358974;1,221052632;1,174545455;23,28;0
14567;-0,76;-0,27;-0,13;0,67;1,167341772;1,178974359;1,221578947;1,302727273;23,28;0
14621;-0,71;-0,34;-0,13;0,63;1,171518987;1,188205128;1,225263158;1,430909091;23,28;0
14675;-0,7;-0,34;-0,05;0,61;1,178101266;1,192051282;1,238947368;1,315454545;23,28;0
14730;-0,67;-0,27;0,09;0,53;1,178734177;1,193589744;1,247368421;1,251818182;23,28;0
14785;-0,93;-0,4;0,15;1,04;1,186329114;1,198205128;1,222105263;1,188181818;23,28;0
14839;-1,47;-0,28;-0,16;2,26;1,199493671;1,206410256;1,239473684;1,146363636;23,28;0
14894;-1,68;0,08;-0,84;3,55;1,191518987;1,213333333;1,19;1,154545455;23,28;0
14949;-0,97;-0,22;-0,28;1,06;1,178734177;1,172564103;1,18;1,163636364;23,28;0
15003;-1,01;-0,33;0;1,13;1,163797468;1,171025641;1,188421053;1,2;23,28;0
15057;-0,74;-0,18;-0,19;0,61;1,156582278;1,174615385;1,185789474;1,302727273;23,28;0
15113;-0,7;-0,12;-0,11;0,52;1,156708861;1,177179487;1,185263158;1,45;23,28;0
15167;-0,86;-0,1;0,05;0,76;1,161265823;1,182051282;1,197894737;1,325454545;23,28;1
15221;-0,85;-0,09;0,01;0,73;1,169873418;1,191538462;1,213157895;1,104545455;23,28;0
15277;-1;-0,07;0;1,01;1,168734177;1,186923077;1,196842105;1,111818182;23,28;0
15331;-1,23;-0,38;-0,08;1,66;1,170759494;1,173589744;1,161052632;1,065454545;23,28;0
15385;-1,58;-0,33;-0,24;2,66;1,169620253;1,162051282;1,08;1,066363636;23,28;0
15439;-0,81;-0,25;-0,43;0,89;1,158227848;1,163846154;1,136315789;1,096363636;23,28;0
15495;-1,04;-0,16;-0,14;1,12;1,152278481;1,165384615;1,140526316;1,101818182;23,28;0
15549;-1,01;-0,33;-0,11;1,14;1,151012658;1,163333333;1,156315789;1,101818182;23,28;0
15603;-0,74;-0,23;-0,11;0,62;1,152151899;1,165384615;1,162631579;1,153636364;23,28;0
15659;-0,75;-0,21;-0,05;0,62;1,154050633;1,165641026;1,154736842;1,185454545;23,28;0
15713;-0,85;-0,36;-0,01;0,85;1,156329114;1,172051282;1,162631579;1,137272727;23,28;0
15767;-0,82;-0,37;0,05;0,82;1,158227848;1,18;1,153684211;1,166363636;23,28;0
15822;-0,78;-0,35;0,1;0,73;1,158860759;1,167692308;1,101578947;1,147272727;23,28;0
15877;-1,22;-0,31;0;1,58;1,148227848;1,141025641;1,046842105;1,101818182;23,28;0
15931;-1,36;-0,38;-0,16;2,01;1,144556962;1,098974359;1,098947368;1,100909091;23,28;0
15986;-1,34;-0,04;-0,58;2,13;1,139493671;1,112307692;1,14;1,124545455;23,28;0
16040;-1,02;-0,13;-0,39;1,21;1,141898734;1,119487179;1,152105263;1,123636364;23,28;0
16095;-0,88;-0,36;-0,05;0,91;1,160632911;1,141794872;1,166842105;1,11;23,28;0
16150;-0,76;-0,24;-0,08;0,64;1,165696203;1,150512821;1,173684211;1,190909091;23,28;0
16204;-0,76;-0,1;-0,16;0,61;1,166835443;1,145128205;1,162631579;1,218181818;23,28;0
16259;-0,93;-0,07;-0,05;0,88;1,162531646;1,142820513;1,164736842;1,208181818;23,28;0
16313;-0,91;-0,13;0,03;0,84;1,165189873;1,146153846;1,170526316;1,139090909;23,28;0
16368;-0,8;-0,16;0,1;0,67;1,165063291;1,123589744;1,116842105;1,110909091;23,28;0
16422;-1,23;-0,34;0;1,62;1,146708861;1,080512821;1,075263158;1,096363636;23,28;0
16477;-1,33;-0,32;-0,11;1,88;1,134683544;1,099487179;1,063684211;1,096363636;23,28;0
16532;-1,28;-0,25;-0,45;1,9;1,138734177;1,117435897;1,083157895;1,119090909;23,28;0
16586;-0,98;-0,28;-0,58;1,37;1,145443038;1,121025641;1,109473684;1,115454545;23,28;0
16641;-0,9;-0,27;-0,13;0,9;1,153417722;1,138717949;1,153684211;1,09;23,28;0
16696;-0,85;-0,17;-0,07;0,75;1,154936709;1,143589744;1,166842105;1,14;23,28;0
16750;-0,78;-0,15;-0,12;0,64;1,15443038;1,136923077;1,149473684;1,166363636;23,28;0
16804;-0,87;-0,27;-0,14;0,86;1,153924051;1,133076923;1,138947368;1,139090909;23,28;0
16860;-0,85;-0,34;-0,07;0,84;1,15835443;1,135384615;1,163684211;1,094545455;23,28;0
16914;-0,7;-0,25;0,08;0,56;1,155189873;1,113333333;1,119473684;1,104545455;23,28;0
16968;-1,04;-0,37;0,03;1,22;1,135316456;1,076153846;1,072105263;1,100909091;23,28;0
17024;-1,36;-0,24;-0,09;1,91;1,112531646;1,057435897;1,057894737;1,082727273;23,28;0
17078;-1,2;-0,33;-0,18;1,58;1,121772152;1,063846154;1,081578947;1,082727273;23,28;0
17132;-1,09;-0,07;-0,47;1,41;1,137721519;1,117179487;1,101578947;1,108181818;23,28;0
17186;-1,16;-0,23;-0,3;1,48;1,148860759;1,163589744;1,131052632;1,102727273;23,28;0
17242;-0,9;-0,21;-0,05;0,86;1,15443038;1,171025641;1,14;1,140909091;23,28;0
17296;-0,72;-0,17;-0,03;0,55;1,152405063;1,163846154;1,125789474;1,178181818;23,28;0
17350;-0,8;-0,08;-0,05;0,64;1,150379747;1,151282051;1,116842105;1,17;23,28;0
17405;-1,06;-0,06;-0,09;1,14;1,147341772;1,151538462;1,130526316;1,142727273;23,28;0
17460;-0,87;-0,13;0,07;0,78;1,135316456;1,131538462;1,104210526;1,133636364;23,28;0
17514;-0,97;-0,15;0,13;0,98;1,112531646;1,101025641;1,033157895;1,072727273;23,28;0
17569;-1,21;-0,39;-0,13;1,63;1,123417722;1,087692308;1,023684211;1,048181818;23,28;0
17624;-1,31;-0,25;-0,23;1,82;1,134050633;1,107692308;1,026315789;1,059090909;23,28;0
17678;-0,96;-0,18;-0,57;1,28;1,145189873;1,131794872;1,105789474;1,075454545;23,28;0
17733;-1,07;-0,24;-0,32;1,31;1,151392405;1,153846154;1,189473684;1,037272727;23,28;0
17787;-0,86;-0,22;-0,11;0,81;1,151518987;1,157692308;1,207894737;1,017272727;23,28;0
17842;-0,74;-0,16;-0,08;0,59;1,147594937;1,150769231;1,205789474;1,055454545;23,28;0
17897;-0,79;-0,21;-0,05;0,67;1,146329114;1,143846154;1,164210526;1,04;23,28;0
17951;-0,84;-0,32;-0,13;0,82;1,149620253;1,152051282;1,158947368;1,146363636;23,28;0
18006;-0,8;-0,3;-0,01;0,72;1,139240506;1,141025641;1,151578947;1,252727273;23,28;0
18060;-0,7;-0,24;0,12;0,56;1,12443038;1,10974359;1,102105263;1,215454545;23,28;0
18115;-1,12;-0,38;0,1;1,4;1,116202532;1,114102564;1,078947368;1,196363636;23,17;0
18169;-1,17;-0,31;-0,05;1,46;1,119367089;1,123846154;1,124736842;1,174545455;23,28;0
18224;-1,69;-0,13;-0,33;2,99;1,143037975;1,147179487;1,152631579;1,175454545;23,28;0
18279;-1,41;-0,11;-0,68;2,45;1,155822785;1,163333333;1,194736842;1,177272727;23,28;0
18333;-0,91;-0,27;-0,05;0,9;1,158101266;1,173846154;1,205263158;1,174545455;23,28;0
18387;-0,74;-0,25;0,03;0,6;1,154050633;1,172820513;1,201052632;1,249090909;23,28;0
18443;-0,57;-0,1;-0,1;0,35;1,15;1,158205128;1,187894737;1,317272727;23,28;0
18497;-0,82;-0,02;0;0,68;1,152025316;1,157948718;1,196315789;1,351818182;23,28;0
18551;-0,92;-0,03;0,01;0,84;1,140126582;1,151025641;1,208421053;1,226363636;23,17;0
18607;-0,82;-0,11;0,05;0,69;1,129113924;1,131282051;1,171052632;1,075454545;23,28;0
18661;-1,15;-0,24;0,07;1,38;1,126835443;1,129487179;1,186315789;1,047272727;23,28;0
18715;-1,41;-0,36;-0,18;2,15;1,139620253;1,146923077;1,123157895;1,044545455;23,28;0
18770;-1,21;-0,25;-0,56;1,84;1,151392405;1,165128205;1,12;1,092727273;23,28;0
18825;-1,12;-0,38;-0,45;1,61;1,153417722;1,172820513;1,151052632;1,102727273;23,28;0
18879;-0,85;-0,25;-0,1;0,79;1,155063291;1,173846154;1,17;1,089090909;23,28;0
18934;-0,75;-0,13;-0,03;0,59;1,150379747;1,170512821;1,183157895;1,185454545;23,28;0
18989;-0,74;-0,13;-0,12;0,57;1,149493671;1,167948718;1,177368421;1,222727273;23,28;0
19043;-0,89;-0,26;-0,15;0,88;1,15278481;1,174871795;1,173684211;1,244545455;23,28;0
19097;-0,85;-0,27;0,05;0,79;1,147974684;1,18;1,174736842;1,212727273;23,28;0
19152;-0,77;-0,26;0,17;0,69;1,137468354;1,165641026;1,147368421;1,153636364;23,28;0
19207;-1,28;-0,33;0,09;1,75;1,147848101;1,166153846;1,126315789;1,136363636;23,28;0
19261;-1,29;-0,31;-0,2;1,79;1,152278481;1,126923077;1,132631579;1,134545455;23,28;0
19316;-1,43;0,01;-0,58;2,39;1,157594937;1,135384615;1,154210526;1,152727273;23,28;0
19371;-1,13;-0,3;-0,35;1,49;1,164177215;1,154615385;1,171052632;1,137272727;23,28;0
19425;-0,93;-0,3;-0,05;0,96;1,164936709;1,159487179;1,173157895;1,143636364;23,28;1
19480;-0,75;-0,16;-0,09;0,6;1,158987342;1,164871795;1,171578947;1,24;23,28;0
19534;-0,75;-0,02;-0,05;0,57;1,147088608;1,160769231;1,163157895;1,259090909;23,28;0
19589;-0,87;0;0,03;0,77;1,161772152;1,160512821;1,173684211;1,28;23,28;0
19644;-0,84;-0,1;-0,03;0,71;1,183417722;1,16025641;1,177368421;1,163636364;23,28;0
19698;-0,92;-0,12;0,08;0,86;1,190886076;1,150769231;1,129473684;1,085454545;23,28;0
19752;-1,25;-0,45;0;1,75;1,171392405;1,13974359;1,113157895;1,047272727;23,28;0
19807;-1,36;-0,3;-0,18;1,96;1,159240506;1,153589744;1,064210526;1,058181818;23,17;0
19862;-1,19;-0,33;-0,7;2,02;1,185443038;1,159230769;1,132105263;1,096363636;23,28;0
19916;-0,98;-0,24;-0,31;1,11;1,216582278;1,162307692;1,168421053;1,095454545;23,28;0
19971;-0,78;-0,14;-0,03;0,63;1,232531646;1,166923077;1,178421053;1,107272727;23,28;0
20026;-0,72;-0,13;-0,01;0,54;1,233164557;1,164871795;1,177894737;1,163636364;23,28;0
20080;-0,81;-0,22;-0,16;0,72;1,226962025;1,162051282;1,164736842;1,137272727;23,17;0
20134;-0,93;-0,34;-0,15;0,99;1,218607595;1,162820513;1,171052632;1,211818182;23,28;0
20190;-0,82;-0,27;0,07;0,76;1,222405063;1,166666667;1,161578947;1,178181818;23,28;0
20244;-0,86;-0,29;0,14;0,84;1,313797468;1,149487179;1,122631579;1,149090909;23,28;0
20298;-1,19;-0,24;0,03;1,48;1,388481013;1,165128205;1,11;1,142727273;23,17;0
20354;-1,15;-0,35;-0,14;1,46;1,381012658;1,148974359;1,128947368;1,140909091;23,28;0
20408;-1,56;0,02;-0,58;2,78;1,352911392;1,159487179;1,166842105;1,150909091;23,28;0
20462;-1,2;-0,22;-0,4;1,65;1,346075949;1,17025641;1,181578947;1,122727273;23,28;0
20517;-0,85;-0,26;-0,03;0,79;1,355949367;1,170512821;1,193684211;1,145454545;23,17;0
20572;-0,72;-0,2;-0,05;0,56;1,365189873;1,16025641;1,181578947;1,225454545;23,28;0
20626;-0,71;-0,04;-0,11;0,52;1,431392405;1,145641026;1,17;1,307272727;23,28;0
20680;-0,91;-0,05;-0,03;0,83;1,457088608;1,177179487;1,173157895;1,340909091;23,28;0
20736;-0,81;-0,12;0;0,68;1,457468354;1,224102564;1,173157895;1,170909091;23,17;0
20790;-0,98;-0,16;0,17;1,01;1,442405063;1,236153846;1,152105263;1,090909091;23,28;0
20844;-1,26;-0,36;0;1,72;1,415443038;1,193076923;1,201578947;1,063636364;23,17;0
20899;-1,46;-0,28;-0,41;2,38;1,406455696;1,149487179;1,147894737;1,082727273;23,28;0
20954;-1,07;-0,39;-0,73;1,83;1,507594937;1,207692308;1,161052632;1,11;23,28;0
21008;-0,93;-0,16;-0,13;0,91;1,565443038;1,275384615;1,192105263;1,110909091;23,28;0
21063;-0,86;-0,15;-0,03;0,77;1,563291139;1,308974359;1,194736842;1,147272727;23,28;0
21117;-0,68;-0,16;-0,11;0,49;1,55835443;1,308974359;1,176315789;1,273636364;23,28;0
21172;-0,81;-0,26;-0,2;0,77;1,548101266;1,292051282;1,143157895;1,277272727;23,28;0
21227;-0,86;-0,27;-0,05;0,82;1,544050633;1,274102564;1,209473684;1,233636364;23,28;0
21281;-0,88;-0,22;0,09;0,84;1,684050633;1,274615385;1,297894737;1,192727273;23,28;0
21336;-1;-0,27;0,03;1,08;1,759367089;1,457692308;1,324210526;1,165454545;23,28;0
21391;-1,51;-0,34;-0,08;2,4;1,743164557;1,608974359;1,213684211;1,110909091;23,28;0
21445;-1,26;-0,31;-0,28;1,76;1,71443038;1,599230769;1,134210526;1,084545455;23,28;0
21499;-1,07;0,1;-0,86;1,9;1,696202532;1,562820513;1,264210526;1,190909091;23,28;0
21555;-1,1;-0,25;-0,34;1,38;1,684556962;1,551794872;1,395789474;1,360909091;23,28;0
21609;-0,74;-0,25;-0,08;0,61;1,729746835;1,572820513;1,467368421;1,486363636;23,28;0
21663;-0,37;-0,17;-0,05;0,17;1,854050633;1,587179487;1,464736842;1,413636364;23,28;0
21718;-0,43;-0,1;-0,01;0,2;1,862658228;1,717435897;1,438947368;1,224545455;23,28;0
21773;-1,38;-0,13;0,12;1,94;1,856202532;1,773589744;1,397894737;1,371818182;23,28;0
21827;-1,6;-0,13;-0,35;2,69;1,846202532;1,766153846;1,386315789;1,496363636;23,28;0
21881;-1,4;-0,47;-0,2;2,22;1,82443038;1,726923077;1,713684211;1,539090909;23,28;0
21937;-0,37;-0,04;-0,38;0,28;1,801012658;1,666410256;2,008421053;1,549090909;23,28;0
21991;-0,26;0,15;-0,48;0,32;2,036582278;1,648461538;2,034736842;1,563636364;23,28;0
22045;-1,77;0,03;-0,5;3,38;2,067341772;1,871282051;1,974210526;1,550909091;23,17;0
22100;-1,78;-0,2;-0,26;3,27;2,061392405;1,988974359;1,961052632;1,452727273;23,28;0
22155;-1,31;-0,35;0,05;1,85;2,05556962;1,987179487;2,024736842;1,991818182;23,28;0
22209;-0,66;-0,48;-0,24;0,72;2,046962025;1,972051282;2,071052632;2,459090909;23,28;0
22263;-0,17;-0,18;-0,52;0,33;2,035443038;1,952820513;2,28;2,651818182;23,28;1
22319;0,06;-0,15;-0,18;0,06;2,155696203;1,943333333;2,289473684;2,643636364;23,28;0
22373;-0,14;-0,45;-0,8;0,86;2,251898734;2,216923077;2,210526316;2,369090909;23,28;1
22427;-2,31;-1,66;-0,72;8,62;2,243164557;2,352820513;2,205789474;2,197272727;23,28;0
22481;-2,63;-0,65;-0,01;7,36;2,226329114;2,320769231;2,19;2,127272727;23,28;0
22537;-1,49;0,09;0,43;2,4;2,191898734;2,275128205;2,071578947;2,599090909;23,28;0
22591;-0,27;0,39;0;0,23;2,171392405;2,241025641;2,404736842;2,83;23,17;0
22645;-0,05;0,38;-0,46;0,36;2,183797468;2,226410256;2,589473684;2,89;23,28;0
22701;-0,32;0,98;-0,57;1,38;2,358227848;2,328974359;2,573684211;2,829090909;23,17;0
22755;-0,88;0,37;-0,41;1,08;2,362151899;2,59025641;2,565789474;2,047272727;23,28;1
22809;-2,43;0,02;0,15;5,91;2,354936709;2,577692308;2,566315789;1,480909091;23,28;0
22864;-1,62;-0,46;0,13;2,87;2,347974684;2,513846154;2,545789474;2,135454545;23,28;0
22919;-0,6;-0,6;-0,03;0,72;2,336075949;2,458717949;2,710526316;2,601818182;23,17;0
22973;-0,08;-0,26;-0,34;0,19;2,346708861;2,452307692;2,728421053;2,607272727;23,28;0
23027;0,05;-0,04;-0,14;0,02;2,424936709;2,446923077;2,628947368;2,498181818;23,17;1
23081;-0,43;-0,54;-0,81;1,13;2,457088608;2,889230769;2,623157895;2,406363636;23,17;1
23137;-2,72;-1,34;-0,63;9,6;2,449746835;2,896153846;2,606842105;1,911818182;23,17;2
23191;-2,29;-0,35;0,03;5,36;2,440886076;2,852820513;2,536315789;2,719090909;23,17;1
23245;-0,64;0,1;0;0,42;2,435189873;2,836410256;2,698947368;3,353636364;23,17;1
23301;-0,18;0,25;-0,3;0,18;2,433924051;2,828974359;2,934736842;3,382727273;23,17;1
23355;0,07;0,2;-0,18;0,07;2,583544304;2,829487179;2,86;3,391818182;23,28;1
23409;-0,18;0,57;-0,34;0,47;2,61443038;3,070512821;2,832631579;3,293636364;23,17;1
23464;-3,37;0,56;-0,32;11,75;2,604556962;3,065897436;2,826315789;2,424545455;23,17;1
23519;-2,77;0,11;-0,08;7,7;2,575949367;2,897435897;2,826842105;2,316363636;23,17;1
23573;-0,68;-0,2;0,03;0,51;2,555189873;2,839230769;2,773157895;3,222727273;23,17;1
23628;-0,19;-0,29;-0,05;0,12;2,532658228;2,834871795;3,353684211;3,338181818;23,17;2
23683;-0,08;-0,18;-0,1;0,05;2,62278481;2,826410256;3,257894737;3,35;23,17;2
23737;-0,1;-0,16;0,09;0,04;2,746455696;2,836410256;3,244210526;3,313636364;23,17;2
23792;-1,84;-0,79;-0,4;4,17;2,760379747;3,176410256;3,238947368;2,248181818;23,17;3
23846;-2,96;-0,89;-0,91;10,39;2,759367089;3,046153846;3,237368421;1,558181818;23,17;2
23901;-1,19;-0,15;-0,01;1,45;2,735189873;2,979230769;3,216842105;3,387272727;23,17;2
23956;-0,45;0,02;0;0,2;2,70164557;2,964102564;3,138421053;3,698181818;23,17;2
24010;-0,11;0,18;-0,15;0,07;2,682151899;2,961025641;3,177368421;3,708181818;23,17;2
24065;0,11;0,09;-0,11;0,03;2,848860759;3,026153846;3,192105263;3,711818182;23,17;2
24119;-0,12;0,23;-0,21;0,11;2,861265823;3,216666667;3,192631579;3,336363636;23,17;2
24174;-4,4;0,53;-1,02;20,63;2,821265823;3,082564103;3,193157895;2,399090909;23,17;2
24228;-1,87;-0,13;-0,2;3,54;2,780759494;2,953589744;3,192631579;3,2;23,17;2
24283;-0,35;-0,2;-0,05;0,16;2,758734177;2,944615385;3,066315789;3,949090909;23,17;2
24338;-0,18;-0,22;0;0,08;2,753417722;2,941025641;3,274210526;4,014545455;23,17;2
24392;-0,1;-0,15;0,09;0,04;2,903544304;2,956410256;3,241578947;4,023636364;23,17;3
24446;-0,14;-0,25;0,05;0,08;2,944556962;3,268461538;3,244736842;4,019090909;23,17;3
24502;-2,19;-1,85;-1,42;10,26;2,938227848;3,051282051;3,247894737;2,146363636;23,17;3
24556;-2,76;-0,58;-0,72;8,44;2,829746835;2,861538462;3,25;1,985454545;23,17;3
24610;-0,88;-0,08;0,03;0,79;2,736708861;2,852051282;3,378947368;3,274545455;23,17;3
24666;-0,34;0,11;0,01;0,13;2,707721519;2,852051282;2,743684211;3,342727273;23,28;2
24720;-0,13;0,2;-0,01;0,06;2,726329114;2,853846154;2,787368421;3,362727273;23,17;2
24774;0,03;0,16;0,09;0,03;2,84443038;3,070769231;2,796315789;3,367272727;23,17;2
24828;-0,88;0,84;-0,54;1,77;2,834050633;3,23;2,795789474;2,440909091;23,17;2
24884;-3,78;-0,14;0,12;14,34;2,82278481;2,996153846;2,795789474;1,906363636;23,17;2
24938;-0,9;-0,07;-0,13;0,83;2,749367089;2,962051282;2,826842105;2,612727273;23,17;2
24992;-0,41;-0,3;0,07;0,26;2,713797468;2,957692308;2,952105263;2,998181818;23,17;3
25048;-0,23;-0,27;0;0,13;2,712025316;2,956923077;2,680526316;3,022727273;23,17;2
25102;-0,1;-0,25;0;0,07;2,837848101;2,973589744;2,654736842;3,026363636;23,17;3
25156;-0,39;-0,86;-1,29;2,56;2,866075949;3,315641026;2,655263158;2,869090909;23,17;3
25211;-2,76;-0,83;-0,54;8,56;2,855949367;2,82;2,658421053;1,626363636;23,17;2
25266;-2,09;0,06;0,05;4,37;2,735443038;2,734871795;2,663157895;2,7;23,28;3
25320;-0,51;0,23;0,12;0,33;2,667721519;2,732564103;3,017368421;2,974545455;23,17;3
25375;-0,06;0,22;-0,14;0,07;2,664050633;2,733333333;2,808947368;2,99;23,17;2
25430;0,08;0,19;-0,03;0,04;2,918227848;2,74;2,832105263;2,996363636;23,17;2
25484;-0,19;0,61;-0,51;0,67;2,975822785;3,050512821;2,824736842;2,774545455;23,17;2
25538;-3,49;0,65;-0,23;12,64;2,972278481;2,872051282;2,819473684;2,007272727;23,17;2
25593;-1,8;0,09;-0,22;3,28;2,824556962;2,664871795;2,817894737;2,382727273;23,17;2
25648;-0,53;-0,11;0,07;0,3;2,728101266;2,645897436;2,718947368;3,296363636;23,17;2
25702;-0,29;-0,24;0,01;0,14;2,724050633;2,642820513;2,976315789;3,405454545;23,17;2
25757;-0,2;-0,27;0,01;0,12;2,817341772;2,644102564;2,814736842;3,412727273;23,17;3
25811;-0,05;-0,34;0,01;0,12;2,963670886;2,686923077;2,808947368;3,354545455;23,17;3
25866;-2,36;-1,38;-1,02;8,5;2,974810127;2,89;2,808947368;2,209090909;23,17;3
25921;-3,15;-0,51;-0,43;10,38;2,923037975;2,536666667;2,812631579;1,972727273;23,17;3
25975;-1,12;0,06;0,03;1,27;2,791772152;2,52025641;2,793157895;3,168181818;23,17;3
26030;-0,3;0,16;0,03;0,12;2,773924051;2,516410256;2,769473684;3,273636364;23,17;3
26085;-0,09;0,14;0,05;0,03;2,777974684;2,514615385;2,770526316;3,282727273;23,17;3
26139;0,02;0,19;0;0,04;3,032911392;2,527692308;2,773684211;3,278181818;23,17;2
26193;-0,3;0,76;-0,12;0,68;3,050126582;2,721794872;2,768947368;2,515454545;23,17;2
26249;-3,64;0,39;0,14;13,45;3,051518987;2,56;2,763157895;1,599090909;23,17;2
26303;-1,12;0;-0,19;1,3;2,792658228;2,456410256;2,762631579;2,591818182;23,17;2
26357;-0,46;-0,07;0,08;0,22;2,751518987;2,45;2,404736842;2,880909091;23,17;2
26413;-0,22;-0,16;0;0,07;2,751772152;2,448461538;2,368421053;2,910909091;23,17;2
26467;-0,22;-0,24;0,07;0,11;2,865189873;2,450769231;2,331052632;2,911818182;23,17;2
26521;-0,43;-0,33;0,05;0,3;2,910506329;2,953076923;2,334736842;2,850909091;23,17;3
26576;-3,07;-1,15;-1,19;12,19;2,918481013;2,747435897;2,338947368;1,638181818;23,17;3
26631;-1,79;-0,01;-0,32;3,3;2,790632911;2,668205128;2,34;1,674545455;23,17;3
26685;-0,59;0,1;0,05;0,36;2,684050633;2,662564103;2,334736842;2,535454545;23,17;4
26740;-0,21;0,08;0;0,05;2,675063291;2,661025641;2,16;2,58;23,17;3
26795;0,01;0,03;-0,11;0,01;2,907721519;2,662820513;2,21;2,587272727;23,17;3
26849;0,09;0,18;-0,26;0,11;2,983417722;2,851794872;2,215789474;2,57;23,17;3
26903;-1,03;0,74;-0,3;1,7;2,987341772;2,931538462;2,216315789;1,467272727;23,17;2
26958;-3,07;0,28;0,41;9,69;2,966962025;2,688974359;2,211052632;1,22;23,17;3
27013;-0,74;-0,01;0,07;0,56;2,786582278;2,658461538;2,202105263;2,108181818;23,17;2
27067;-0,38;-0,2;0,05;0,19;2,777088608;2,655897436;2,626842105;2,308181818;23,17;2
27122;-0,23;-0,23;0;0,11;2,78;2,656153846;2,696315789;2,337272727;23,17;3
27176;-0,12;-0,17;0,12;0,06;2,919493671;2,668461538;2,687368421;2,334545455;23,17;2
27231;-0,34;-0,39;-0,56;0,58;2,940126582;3,169230769;2,688947368;2,180909091;23,17;2
27285;-2,94;-0,92;-0,81;10,13;2,911518987;2,86;2,692631579;1,311818182;23,17;2
27340;-1,49;-0,13;-0,16;2,25;2,803797468;2,832307692;2,696842105;3,102727273;23,17;2
27395;-0,55;0,11;0,08;0,33;2,748734177;2,831282051;3,001578947;3,505454545;23,17;2
27449;-0,25;0,14;-0,01;0,08;2,74721519;2,836923077;3,102631579;3,512727273;23,17;2
27504;0,02;0,12;-0,01;0,01;3,034177215;2,838717949;3,121578947;3,514545455;23,17;2
27558;0,08;0,3;-0,19;0,13;3,070632911;3,062820513;3,115789474;3,469090909;23,17;2
27613;-4,2;1,59;-0,36;20,26;3,064556962;2,843076923;3,111052632;2,565454545;23,17;2
27668;-2,15;-0,02;0;4,62;2,906329114;2,776666667;3,11;3,041818182;23,17;2
27722;-0,42;-0,12;-0,09;0,19;2,865949367;2,771538462;3,106842105;4,067272727;23,17;1
27777;-0,2;-0,2;-0,05;0,08;2,862911392;2,770769231;3,637368421;4,143636364;23,17;1
27832;-0,19;-0,2;0,07;0,08;3,028101266;2,772564103;3,592105263;4,15;23,17;2
27886;-0,3;-0,26;0,19;0,19;3,138227848;3,244358974;3,586315789;4,14;23,17;2
27940;-2,06;-1,41;-1,11;7,49;3,146202532;3,355641026;3,591578947;2,301818182;23,17;2
27996;-3,31;-0,41;-0,71;11,61;3,039620253;3,115897436;3,606315789;1,929090909;23,17;1
28050;-0,93;0,21;-0,08;0,92;2,90835443;3,105641026;3,608947368;3,749090909;23,17;1
28104;-0,21;0,18;0;0,08;2,892658228;3,103076923;3,018421053;3,868181818;23,17;1
28160;-0,02;0,13;0,03;0,02;2,899873418;3,102307692;2,965789474;3,880909091;23,17;2
28214;0,08;0,18;0;0,04;3,140759494;3,113333333;2,993157895;3,88;23,17;1
28268;-0,34;0,59;-0,23;0,52;3,150632911;3,384358974;2,997368421;3,225454545;23,17;1
28322;-4,46;0,58;0,14;20,21;3,143291139;3,168205128;2,994210526;2,186363636;23,17;1
28378;-1,18;0,05;0,08;1,39;2,973797468;3,118205128;2,988421053;2,924545455;23,17;1
28432;-0,43;-0,19;0,01;0,22;2,959493671;3,111025641;3,568421053;3,246363636;23,17;1
28486;-0,29;-0,31;0,03;0,18;2,959367089;3,109487179;3,275263158;3,309090909;23,17;1
28541;-0,31;-0,34;0,29;0,29;3,114556962;3,114615385;3,244736842;3,32;23,17;1
28596;-0,23;-0,36;-0,03;0,18;3,159873418;3,694358974;3,248947368;3,274545455;23,17;1
28650;-2,66;-1,11;-0,86;9,04;3,161139241;3,24974359;3,252631579;1,444545455;23,17;1
28705;-1,83;-0,17;-0,49;3,62;3,007721519;3,136153846;3,254736842;3,000909091;23,17;1
28760;-0,84;0,07;0;0,71;2,966455696;3,134871795;3,253157895;3,53;23,17;2
28814;-0,36;0,17;0,01;0,16;2,962531646;3,135128205;2,776315789;3,544545455;23,17;1
28869;-0,09;0,12;0;0,02;2,971772152;3,134615385;2,792631579;3,532727273;23,17;2
28923;-0,06;0,27;0;0,08;3,128734177;3,467948718;2,796842105;3,524545455;23,17;1
28978;-4,01;1,48;-0,46;18,51;3,134177215;3,502051282;2,79;2,71;23,17;1
29032;-2,45;-0,13;0,05;6,04;3,115189873;3,223589744;2,775789474;2,425454545;23,17;1
29087;-0,58;-0,07;-0,03;0,34;2,995443038;3,202051282;2,777368421;3,374545455;23,17;1
29142;-0,31;-0,24;0,03;0,16;2,990126582;3,20025641;3,498421053;3,514545455;23,17;1
29196;-0,18;-0,22;0,11;0,09;2,994050633;3,200512821;3,461578947;3,54;23,17;1
29251;-0,15;-0,2;0,13;0,08;3,087848101;3,217179487;3,434210526;3,537272727;23,17;1
29305;-0,5;-0,47;-0,12;0,49;3,118227848;3,692564103;3,433157895;1,856363636;23,17;1
29360;-3,13;-0,72;-0,93;11,15;3,117088608;3,195384615;3,436842105;1,326363636;23,17;2
29415;-1,29;0,01;-0,2;1,7;2,990253165;3,162307692;3,435789474;3,362727273;23,17;1
29469;-0,5;0,22;0;0,3;2,962151899;3,158205128;3,155789474;3,613636364;23,17;1
29523;-0,16;0,14;-0,03;0,05;2,961772152;3,157948718;3,302105263;3,622727273;23,17;1
29579;0,03;0,12;-0,03;0,02;3,22835443;3,155897436;3,323684211;3,628181818;23,17;1
29633;-0,1;0,35;-0,29;0,21;3,294303797;3,467435897;3,319473684;3,591818182;23,17;1
29687;-4,46;1,16;-1,21;22,74;3,298734177;3,33025641;3,315263158;2,583636364;23,17;1
29743;-1,71;0;0;2,92;3,045822785;3,247692308;3,312631579;3,628181818;23,17;1
29797;-0,42;-0,14;0,01;0,19;2,988607595;3,231282051;3,323157895;4,402727273;23,17;2
29851;-0,29;-0,24;0,05;0,14;2,986835443;3,228205128;3,739473684;4,466363636;23,17;0
29905;-0,18;-0,21;0,12;0,09;2,987341772;3,228974359;3,693157895;4,471818182;23,17;0
29961;-0,12;-0,2;0,08;0,06;3,147088608;3,246923077;3,682631579;4,453636364;23,17;0
30015;-2,93;-1,62;-1,41;13,19;3,178101266;3,090512821;3,683157895;2,389090909;23,17;1
30069;-2,86;-0,28;-0,76;8,82;3,086202532;2,949487179;3,691052632;2,186363636;23,17;1
30125;-0,86;0,12;-0,03;0,75;2,94;2,945897436;3,691052632;3,901818182;23,05;1
30179;-0,23;0,15;0,03;0,08;2,928987342;2,947692308;3,143157895;3,963636364;23,17;1
30233;-0,01;0,1;0,03;0,01;2,929746835;2,948974359;3,183684211;3,964545455;23,17;1
30288;0,06;0,15;0,05;0,03;3,22164557;2,95974359;3,194736842;3,964545455;23,17;0
30343;-0,31;0,49;-0,6;0,69;3,297848101;3,14;3,191052632;2,780909091;23,17;0
30397;-4,31;0,67;0,24;19,06;3,29443038;2,917179487;3,188421053;1,998181818;23,17;1
30452;-0,9;0,03;-0,12;0,82;3,040126582;2,886153846;3,187894737;3,050909091;23,17;1
30507;-0,29;-0,13;0,05;0,1;3,022911392;2,881282051;2,534736842;3,379090909;23,17;1
30561;-0,17;-0,18;0,03;0,06;3,020632911;2,880769231;2,723684211;3,414545455;23,17;1
30615;-0,26;-0,19;0,27;0,17;3,019746835;2,887948718;2,712631579;3,418181818;23,17;1
30670;-0,34;-0,31;0,05;0,21;3,192151899;3,424615385;2,718947368;3,359090909;23,17;1
30725;-3,15;-1,04;-1,15;12,33;3,221898734;2,975384615;2,730526316;1,630909091;23,17;1
30779;-1,89;0,09;-0,32;3,69;3,111392405;2,912820513;2,736315789;1,627272727;23,17;1
30834;-0,6;0,2;0,03;0,4;3,066455696;2,915128205;2,726315789;2,746363636;23,17;1
30888;-0,17;0,13;-0,16;0,07;3,057721519;2,914102564;2,118947368;2,79;23,17;1
30943;0,05;0,08;-0,18;0,04;3,056708861;2,913076923;2,205263158;2,792727273;23,17;1
30997;0,11;0,17;-0,11;0,05;3,11278481;2,914615385;2,225789474;2,794545455;23,17;1
31052;-0,49;0,72;-0,15;0,78;3,272025316;2,902051282;2,228421053;1,686363636;23,17;2
31107;-3,5;0,28;0,33;12,41;3,041518987;2,743589744;2,221052632;1,396363636;23,17;1
31161;-0,73;-0,07;-0,08;0,54;2,966835443;2,73025641;2,225789474;2,043636364;23,17;1
31216;-0,37;-0,25;0,07;0,2;2,963417722;2,72974359;2,689473684;2,260909091;23,17;0
31270;-0,35;-0,28;0,17;0,23;2,962025316;2,730769231;2,77;2,301818182;23,17;1
31325;-0,21;-0,22;0,21;0,14;2,965949367;2,733589744;2,774210526;2,307272727;23,17;1
31380;-0,44;-0,51;-0,22;0,5;3,110632911;3,307692308;2,785263158;2,239090909;23,17;1
31434;-2,57;-0,65;-0,72;7,52;3,142405063;2,974358974;2,788421053;1,138181818;23,17;1
31489;-1,54;0,07;-0,3;2,46;3,006455696;2,95974359;2,788421053;3,010909091;23,17;1
31544;-0,64;0,28;-0,01;0,49;2,986075949;2,96025641;2,753684211;3,467272727;23,17;1
31598;-0,19;0,19;-0,2;0,11;2,98278481;2,959487179;2,768947368;3,49;23,17;1
31652;0,08;0,1;-0,11;0,03;2,983291139;2,956153846;2,879473684;3,502727273;23,17;1
31707;0,01;0,29;-0,47;0,3;3,113037975;2,953589744;2,881052632;3,466363636;23,17;1
31762;-4,36;0,96;-1,1;21,14;3,233924051;2,994102564;2,872105263;2,787272727;23,17;2
31816;-2,27;-0,08;0,24;5,22;2,949367089;2,964358974;2,867368421;2,574545455;23,17;1
31870;-0,65;-0,18;0,14;0,48;2,913544304;2,962051282;2,848421053;3,684545455;23,17;1
31926;-0,4;-0,31;0,14;0,28;2,911518987;2,962051282;3,667368421;3,914545455;23,17;1
31980;-0,16;-0,22;0,14;0,1;2,910253165;2,961538462;3,856842105;3,932727273;23,17;0
32034;-0,05;-0,14;0,15;0,05;2,91;2,962307692;3,844210526;3,910909091;23,17;1
32090;-0,17;-0,28;-0,11;0,12;3,09443038;3,056410256;3,844736842;1,993636364;23,17;1
32144;-3,31;-0,99;-0,88;12,7;2,982405063;3,062820513;3,844736842;1,531818182;23,17;1
32198;-1,55;0,2;-0,46;2,64;2,877088608;3,056666667;3,831052632;3,586363636;23,17;1
32253;-0,44;0,17;-0,01;0,23;2,869746835;3,055128205;2,724210526;4,111818182;23,17;1
32308;-0,11;0,16;-0,15;0,06;2,869113924;3,051025641;3,181578947;4,125454545;23,17;0
32362;0,04;0,13;-0,18;0,05;2,871012658;3,048717949;3,289473684;4,131818182;23,17;0
32416;0,08;0,29;-0,23;0,14;2,89278481;3,046153846;3,291052632;4,123636364;23,17;0
32472;-4,05;2,18;1,39;23,08;3,058227848;3,148461538;3,289473684;2,972727273;23,17;1
32526;-2,44;-0,27;-0,23;6,06;2,827341772;3,162307692;3,287894737;2,742727273;23,17;1
32580;-0,47;-0,18;0,01;0,25;2,819873418;3,16025641;3,285789474;3,986363636;23,17;1
32635;-0,27;-0,2;0,08;0,12;2,819620253;3,15974359;2,851578947;4,210909091;23,17;0
32690;-0,1;-0,13;0,03;0,03;2,819367089;3,16;3,378947368;4,234545455;23,17;1
32744;-0,04;-0,1;0,17;0,04;2,820253165;3,154615385;3,382631579;4,228181818;23,17;0
32798;-0,23;-0,23;0,03;0,11;3,002531646;2,875897436;3,386842105;2,131818182;23,17;0
32854;-3,37;-1,12;-1,15;13,91;2,887594937;2,992307692;3,387894737;1,588181818;23,17;1
32908;-1,5;0,3;-0,43;2,53;2,859620253;2,986666667;3,383157895;1,97;23,17;1
32962;-0,48;0,26;-0,12;0,31;2,858734177;2,981794872;2,189473684;3,11;23,17;0
33017;-0,1;0,19;-0,17;0,07;2,85835443;2,98;2,476315789;3,134545455;23,17;1
33072;0,03;0,06;-0,12;0,02;2,858227848;2,97974359;2,621052632;3,143636364;23,17;1
33126;0,14;0,22;-0,12;0,08;2,864303797;2,978461538;2,636315789;3,14;23,17;0
33180;-1,31;1,04;1,29;4,45;3,11164557;3,027948718;2,639473684;1,88;23,17;1
33235;-3,53;-0,42;0,01;12,66;2,977848101;3,071538462;2,639473684;1,686363636;23,17;1
33290;-0,51;-0,2;0,05;0,3;2,97278481;3,078461538;2,638421053;2,704545455;23,17;1
33344;-0,27;-0,21;0,14;0,14;2,970506329;3,081282051;2,446842105;2,970909091;23,17;1
33399;-0,1;-0,17;0,19;0,07;2,967848101;3,080769231;2,827368421;3,006363636;23,17;1
33454;-0,11;-0,17;0,11;0,05;2,966582278;3,081282051;2,824736842;3,007272727;23,17;0
33508;-0,26;-0,41;-0,4;0,4;2,969240506;2,534358974;2,825789474;2,606363636;23,17;1
33563;-3,26;-0,68;-0,68;11,51;3,147468354;2,731794872;2,826315789;1,463636364;23,17;0
33617;-1,67;0,08;-0,47;3;3,127848101;2,746410256;2,824210526;2,37;23,17;1
33672;-0,61;0,17;-0,05;0,41;3,125189873;2,749230769;2,593684211;3,244545455;23,17;1
33727;-0,23;0,15;-0,09;0,09;3,125316456;2,750512821;2,697368421;3,261818182;23,17;0
33781;0,04;0,17;-0,12;0,04;3,125189873;2,750512821;2,91;3,265454545;23,17;1
33836;-0,04;0,29;-0,07;0,09;3,122151899;2,753846154;2,928947368;3,231818182;23,17;0
33890;-2,87;1,26;0,69;10,27;2,89278481;2,771794872;2,934210526;2,189090909;23,17;0
33945;-3,07;-0,46;-0,32;9,76;2,996835443;2,79025641;2,933157895;1,922727273;23,17;0
33999;-0,5;-0,02;0,09;0,26;3,011772152;2,82025641;2,920526316;3,215454545;23,17;0
34054;-0,23;-0,14;0,12;0,09;3,013164557;2,826923077;2,406842105;3,601818182;23,17;1
34109;-0,1;-0,14;0,07;0,03;3,013544304;2,827435897;2,973157895;3,643636364;23,17;2
34163;-0,08;-0,18;0,08;0,04;3,013544304;2,826153846;2,994736842;3,650909091;23,17;2
34217;-0,17;-0,21;0;0,07;3,01278481;2,725641026;3,002105263;2,72;23,05;3
34273;-3,31;-1,4;-1,32;14,63;2,861392405;2,922051282;3,004210526;1,847272727;23,17;4
34327;-2,05;-0,01;-0,39;4,34;3,088987342;2,961538462;3,001578947;1,982727273;23,17;4
34381;-0,7;0,11;0,01;0,5;3,09278481;2,961538462;2,473684211;3,225454545;23,17;3
34437;-0,37;0,19;0;0,17;3,093164557;2,96025641;2,728947368;3,297272727;23,17;4
34491;-0,02;0,17;0,03;0,03;3,093037975;2,959487179;2,886315789;3,314545455;23,17;3
34545;-0,19;0,22;0,27;0,16;3,091265823;2,95025641;2,959473684;3,315454545;23,17;5
34600;-0,96;0,84;-0,36;1,75;2,799493671;2,673333333;2,975263158;1,989090909;23,17;5
34655;-3,62;-0,17;-0,8;13,76;2,841898734;3,15025641;2,975263158;1,616363636;23,17;5
34709;-0,89;0,14;0,11;0,82;2,978860759;3,163076923;2,973157895;2,899090909;23,17;5
34764;-0,48;0,01;0,08;0,23;2,988101266;3,167948718;2,231052632;3,179090909;23,17;5
34819;-0,22;-0,16;-0,08;0,08;2,989113924;3,17;3,072105263;3,310909091;23,17;5
34873;-0,11;-0,16;-0,01;0,04;2,989113924;3,168205128;3,142631579;3,326363636;23,17;6
34927;-0,11;-0,24;-0,42;0,24;2,987848101;2,906410256;3,141052632;3,170909091;23,17;6
34982;-3,36;-1,29;-1,29;14,61;2,814556962;2,733589744;3,140526316;1,922727273;23,17;6
35037;-1,8;-0,03;0,12;3,25;3,017088608;3,071538462;3,133157895;1,896363636;23,17;6
35092;-1,11;0,18;0,48;1,48;3,075063291;3,111794872;3,043157895;3,722727273;23,17;6
35146;-0,47;0,24;0,24;0,33;3,07556962;3,121025641;2,356315789;3,882727273;23,17;7
35201;-0,11;0,12;0,1;0,04;3,075316456;3,123333333;3,45;3,891818182;23,17;6
35255;0,06;0,12;0,1;0,03;3,074303797;3,122820513;3,485789474;3,871818182;23,17;6
35310;-0,25;0,58;-0,36;0,53;3,017974684;2,749230769;3,496315789;2,545454545;23,17;6
35364;-4,44;0,71;-0,36;20,32;2,869493671;2,656923077;3,500526316;2,253636364;23,17;6
35419;-1,27;0,16;-0,45;1,84;3,082025316;3,172820513;3,488947368;2,183636364;23,17;5
35474;-0,34;0,13;0,07;0,14;3,087974684;3,182051282;2,723157895;4,117272727;23,17;5
35528;-0,09;-0,05;-0,1;0,02;3,088227848;3,183589744;2,711052632;4,196363636;23,17;6
35582;0,01;-0,03;-0,13;0,02;3,087848101;3,180512821;3,340526316;4,219090909;23,17;6
35637;0,06;-0,11;-0,16;0,04;3,083037975;3,135641026;3,410526316;4,181818182;23,17;7
35692;-0,48;-0,2;-0,67;0,71;2,93835443;2,783589744;3,428947368;2,336363636;23,17;7
35746;-4,51;-1,05;-0,42;21,6;3,221139241;3,003846154;3,434210526;2,174545455;23,17;6
35801;-0,93;0,14;0,17;0,91;3,299620253;3,281794872;3,408947368;2,436363636;23,17;7
35856;-0,43;0,16;0,28;0,28;3,30278481;3,301538462;2,342631579;3,656363636;23,17;7
35910;-0,3;0,11;0,14;0,12;3,302911392;3,303333333;2,284736842;3,805454545;23,17;7
35964;-0,1;0,09;0,05;0,02;3,301772152;3,298205128;3,362631579;3,837272727;23,17;6
36019;-0,08;0,22;-0,03;0,06;3,171898734;2,923846154;3,389473684;3,784545455;23,17;7
36074;-1,61;0,63;-0,21;3,02;3,051772152;2,846153846;3,393157895;1,825454545;23,17;7
36128;-3,64;-0,07;-0,47;13,44;3,29721519;3,283333333;3,393157895;1,748181818;23,17;6
36184;-1,25;-0,02;-0,33;1,66;3,316075949;3,40025641;3,355789474;1,79;23,17;7
36238;-0,6;0,09;0,15;0,39;3,318607595;3,402051282;2,220526316;3,653636364;23,17;5
36292;-0,35;-0,09;-0,05;0,13;3,318860759;3,401282051;2,667894737;3,7;23,17;6
36346;-0,08;-0,07;-0,2;0,05;3,318860759;3,387692308;3,235789474;3,702727273;23,17;6
36402;0,1;-0,11;-0,21;0,06;3,137341772;2,866666667;3,274210526;3,431818182;23,17;6
36456;-0,53;-0,08;-0,68;0,74;3,281265823;2,843333333;3,278947368;2,21;23,17;5
36510;-4,5;-0,58;-0,22;20,62;3,323924051;3,277948718;3,277894737;2,061818182;23,17;5
36566;-0,73;0,03;-0,05;0,53;3,340379747;3,293076923;3,119473684;2,881818182;23,17;5
36620;-0,27;0,08;0,12;0,09;3,345316456;3,294871795;2,423684211;3,876363636;23,17;6
36674;-0,17;0,05;0,1;0,04;3,343797468;3,294358974;3,311578947;3,949090909;23,17;6
36728;-0,01;0,05;0,03;0;3,322658228;3,276666667;3,548421053;3,953636364;23,17;6
36784;-0,03;0,16;-0,01;0,03;3,16721519;2,724871795;3,547368421;3,89;23,17;6
36838;-2,64;1,48;0,5;9,41;3,30556962;3,351282051;3,544736842;2,016363636;23,17;7
36892;-3,16;0,16;-1,03;11,07;3,327468354;3,513589744;3,541578947;1,988181818;23,05;5
36947;-0,88;0,09;-0,26;0,85;3,33;3,519230769;3,502631579;3,664545455;23,17;5
37002;-0,33;0,02;0,07;0,11;3,331012658;3,52;2,466315789;4,105454545;23,17;5
37056;-0,12;-0,11;-0,1;0,04;3,329113924;3,518461538;3,337894737;4,115454545;23,17;5
37111;-0,01;-0,07;-0,05;0,01;3,150253165;3,441282051;3,365263158;4,112727273;23,17;6
37166;-0,17;-0,08;-0,43;0,22;3,264303797;3,103589744;3,367894737;3,257272727;23,17;5
37220;-3,83;0,5;1,89;18,53;3,27443038;3,564871795;3,368947368;2,250909091;23,17;5
37275;-2,07;0,08;-0,77;4,89;3,291898734;3,595384615;3,368421053;2,258181818;23,05;6
37329;-0,31;0,02;0,11;0,11;3,310379747;3,597948718;2,877368421;3,801818182;23,17;4
37384;-0,06;-0,01;0,03;0;3,312151899;3,598205128;3,628421053;3,853636364;23,17;7
37438;-0,02;0,05;0;0;3,307974684;3,598461538;3,931578947;3,860909091;23,17;6
37493;-0,02;0,03;0;0;3,082405063;3,586923077;3,943684211;3,842727273;23,17;7
37548;-0,45;0,62;-0,59;0,93;3,154177215;3,461025641;3,944210526;2,16;23,17;7
37602;-4,02;0,43;-0,85;17,09;3,178227848;3,546666667;3,943684211;1,722727273;23,17;6
37657;-0,74;0,1;-0,21;0,61;3,187848101;3,582051282;3,932631579;4,016363636;23,17;6
37711;-0,29;0,02;0,11;0,09;3,194177215;3,591794872;2,971578947;4,617272727;23,17;6
37766;-0,11;-0,07;-0,07;0,02;3,198987342;3,592820513;3,748421053;4,648181818;23,17;6
37821;-0,05;-0,12;-0,03;0,02;3,202531646;3,594102564;3,825789474;4,652727273;23,17;6
37875;-0,18;-0,2;0;0,08;3,019493671;3,390769231;3,837894737;4,568181818;23,17;6
37929;-4,29;-1,97;-1,75;25,34;3,040506329;3,408205128;3,841052632;3,015454545;23,17;6
37985;-2,48;0,33;-0,6;6,61;3,117721519;3,436666667;3,844736842;2,984545455;23,17;5
38039;-0,52;0,16;0,22;0,34;3,12721519;3,441025641;3,811052632;4,762727273;23,17;7
38093;-0,19;0,07;0,12;0,05;3,129113924;3,443076923;3,738421053;4,904545455;23,17;7
38148;-0,01;0,05;0,05;0;3,132025316;3,445128205;3,91;4,923636364;23,17;7
38203;-0,02;0,07;0,03;0,01;3,146708861;3,451794872;3,982631579;4,921818182;23,17;8
38257;-0,28;0,44;0;0,27;3,078734177;3,291025641;4,003684211;2,624545455;23,17;7
38311;-4,28;1,07;-0,42;19,65;3,086455696;3,224102564;4,004736842;2,05;23,17;6
38367;-1,22;0,21;-0,22;1,58;3,088481013;3,265128205;4,004736842;3,447272727;23,17;5
38421;-0,47;0,08;0,08;0,23;3,091772152;3,303589744;2,748947368;3,794545455;23,17;4
38475;-0,22;-0,1;-0,03;0,06;3,102531646;3,307948718;3,019473684;3,928181818;23,17;3
38531;-0,12;-0,17;-0,17;0,07;3,113670886;3,313076923;3,104736842;3,965454545;23,17;4
38585;-0,42;-0,3;0,17;0,29;3,189113924;3,353333333;3,116842105;3,944545455;23,17;4
38639;-3,01;-1,95;-1,7;15,71;2,953924051;3,107692308;3,123157895;2,165454545;23,17;3
38694;-1,89;-0,07;-0,54;3,87;2,993544304;3,144358974;3,127368421;2,156363636;23,17;3
38749;-1,16;0,17;0,32;1,47;3,006455696;3,162051282;3,138421053;3,203636364;23,17;3
38803;-0,59;0,22;0,14;0,42;3,008734177;3,174871795;2,749473684;3,376363636;23,17;3
38858;-0,17;0,09;0,05;0,04;3,014177215;3,185128205;2,786315789;3,395454545;23,05;3
38913;0,03;0,29;0,01;0,08;3,064810127;3,208461538;2,864210526;3,38;23,17;3
38967;-0,53;1,06;-0,3;1,48;2,983461538;2,741794872;2,94;1,96;23,17;3
39022;-3,31;0,87;0,22;11,75;2,878441558;2,638205128;2,945263158;1,651818182;23,17;3
39076;-1,38;0,22;0,05;1,96;2,905131579;2,793076923;2,940526316;2,632727273;23,17;2
39131;-0,52;-0,07;0,08;0,28;2,9424;2,814102564;2,245263158;2,801818182;23,17;2
39186;-0,28;-0,19;-0,07;0,12;2,981621622;2,818461538;2,436842105;2,953636364;23,17;2
39240;-0,22;-0,2;0;0,09;3,022328767;2,825641026;2,466842105;3,082727273;23,17;2
39294;-0,54;-0,41;0,17;0,48;3,06125;2,925897436;2,485789474;2,963636364;23,17;3
39349;-2,82;-1,77;-1,07;12,26;2,843380282;2,628974359;2,511052632;1,913636364;23,17;2
39404;-1,46;-0,2;-0,33;2,28;2,814142857;2,646666667;2,528947368;1,962727273;23,17;2
39458;-1,23;0,03;0,45;1,71;2,853333333;2,654871795;2,503157895;2,62;23,17;2
39514;-1,06;0,35;0,5;1,5;2,895294118;2,663333333;2,260526316;2,794545455;23,17;2
39568;-0,25;0,33;0,01;0,17;2,938507463;2,684615385;2,292631579;2,857272727;23,17;1
39622;0;0,44;-0,03;0,2;2,983030303;2,701282051;2,613684211;2,860909091;23,17;2
39676;-0,57;1,17;-0,9;2,5;3,014615385;2,47025641;2,653157895;1,784545455;23,05;2
39732;-2,59;0,89;0,05;7,51;2,7946875;2,423333333;2,657368421;1,667272727;23,05;2
39786;-1,41;0,19;0,14;2,04;2,829365079;2,479487179;2,647368421;2,160909091;23,17;2
39840;-0,85;-0,06;0,24;0,78;2,873548387;2,497179487;2,222105263;2,258181818;23,17;2
39896;-0,64;-0,3;0,14;0,52;2,920327869;2,501794872;2,526842105;2,822727273;23,17;2
39950;-0,46;-0,42;0,15;0,42;2,968666667;2,510769231;2,556315789;2,883636364;23,05;1
40004;-0,52;-0,63;-0,57;0,99;3,017627119;2,576153846;2,506315789;2,671818182;23,17;1
40059;-2,13;-1,15;-1,14;7,14;2,632758621;2,334736842;2,517894737;2,015454545;23,17;2
40114;-1,56;-0,35;0;2,57;2,562982456;2,344864865;2,554736842;2,21;23,17;1
40168;-2,36;0,39;0,82;6,38;2,602678571;2,402222222;2,472631579;2,872727273;23,17;2
40223;-0,78;0,29;0,43;0,87;2,649090909;2,467428571;2,43;3,031818182;23,17;1
40278;-0,06;0,37;0,15;0,17;2,698148148;2,537352941;2,43;3,043636364;23,17;2
40332;0,14;0,5;-0,16;0,29;2,748867925;2,59969697;2,581578947;2,989090909;23,17;3
40387;-0,79;1,76;-0,69;4,18;2,796538462;2,2978125;2,612631579;2,421818182;23,17;1
40441;-2,76;0,68;-0,12;8,07;2,466078431;2,298387097;2,602105263;2,273636364;23,17;2
40496;-1,47;0,31;0,12;2,27;2,4838;2,318;2,572631579;2,302727273;23,17;2
40551;-0,7;0;0,24;0,55;2,529795918;2,346206897;2,408947368;2,409090909;23,17;2
40605;-0,54;-0,26;0,17;0,39;2,58125;2,423928571;2,4;2,726363636;23,17;2
40659;-0,65;-0,55;0,43;0,9;2,634680851;2,506296296;2,165882353;2,800909091;23,17;2
40714;-0,68;-0,53;-0,44;0,94;2,685652174;2,506538462;2,246875;2,440909091;23,17;2
40769;-1,99;-1,12;-1,22;6,7;2,396222222;2,3064;2,385333333;1,746363636;23,17;2
40823;-1,38;-0,29;-0,21;2,04;2,362727273;2,3175;2,535;1,906363636;23,17;3
40878;-1,84;-0,01;0,53;3,66;2,383488372;2,384347826;2,408461538;2,042;23,17;2
40933;-0,86;0,35;0,51;1,11;2,430238095;2,469090909;1,936666667;2,225555556;23,17;2
40987;-0,15;0,38;0,23;0,22;2,488536585;2,566666667;1,906363636;2,39125;23,17;2
41041;-0,05;0,65;0,1;0,43;2,54875;2,6455;2,042;2,598571429;23,17;1
41097;-1,12;1,57;-0,57;4,03;2,576153846;2,408947368;2,225555556;1,915;23,17;1
